{
  "AUROC": 0.8774356343136946,
  "AUPRC": 0.2188633269594499,
  "Accuracy": 0.7896133333333333,
  "Precision": 0.11173184357541899,
  "Recall": 0.8449477351916377,
  "F1": 0.1973650745205758
}