{
  "AUROC": 0.8780606987724748,
  "AUPRC": 0.21800058853619694,
  "Accuracy": 0.7933066666666667,
  "Precision": 0.11331693605059732,
  "Recall": 0.8427700348432056,
  "F1": 0.19977286805698946
}