{
  "AUROC": 0.8773947125732673,
  "AUPRC": 0.21876371741746312,
  "Accuracy": 0.7896266666666667,
  "Precision": 0.1117382790001152,
  "Recall": 0.8449477351916377,
  "F1": 0.19737511445721845
}